{
  "dimensions": [
    "Balance",
    "Shape",
    "Depth",
    "Tension",
    "Light",
    "Color"
  ],
  "normalization": "anchor_direction_with_dataset_5th_95th_percentile_calibration",
  "profiles": {
    "Renaissance": {
      "Balance": 0.75331,
      "Shape": -0.189186,
      "Depth": 0.803003,
      "Tension": -0.087801,
      "Light": 0.701702,
      "Color": -0.761346
    },
    "Baroque": {
      "Balance": 0.4543,
      "Shape": -0.320724,
      "Depth": 0.673635,
      "Tension": 0.026248,
      "Light": 0.701559,
      "Color": -0.847064
    },
    "Impressionism": {
      "Balance": -0.470413,
      "Shape": -0.809881,
      "Depth": 0.037718,
      "Tension": -0.75791,
      "Light": -0.667819,
      "Color": -0.500742
    },
    "Expressionism": {
      "Balance": -0.492055,
      "Shape": -0.011769,
      "Depth": -0.232658,
      "Tension": 0.188632,
      "Light": -0.334757,
      "Color": -0.052534
    },
    "Cubism": {
      "Balance": -0.735192,
      "Shape": 0.500472,
      "Depth": -0.54784,
      "Tension": 0.349601,
      "Light": -0.56312,
      "Color": 0.398185
    },
    "Abstract": {
      "Balance": -0.80449,
      "Shape": 0.69242,
      "Depth": -0.823745,
      "Tension": 0.70203,
      "Light": -0.595003,
      "Color": 0.731707
    },
    "Surrealism": {
      "Balance": -0.705584,
      "Shape": 0.649202,
      "Depth": -0.586778,
      "Tension": 0.647248,
      "Light": -0.363249,
      "Color": 0.504834
    },
    "Pop Art": {
      "Balance": -0.613981,
      "Shape": 0.627356,
      "Depth": -0.74248,
      "Tension": 0.530459,
      "Light": -0.619398,
      "Color": 0.742527
    }
  }
}