{
  "dimensions": [
    "Balance",
    "Shape",
    "Depth",
    "Tension",
    "Light",
    "Color"
  ],
  "normalization": "anchor_direction_with_dataset_5th_95th_percentile_calibration",
  "profiles": {
    "Renaissance": {
      "Balance": 0.75331,
      "Shape": -0.189186,
      "Depth": 0.803003,
      "Tension": -0.23936,
      "Light": 0.701702,
      "Color": -0.771905
    },
    "Baroque": {
      "Balance": 0.4543,
      "Shape": -0.320724,
      "Depth": 0.673635,
      "Tension": 0.065468,
      "Light": 0.701559,
      "Color": -0.764309
    },
    "Impressionism": {
      "Balance": -0.470413,
      "Shape": -0.809881,
      "Depth": 0.037718,
      "Tension": -0.635291,
      "Light": -0.667819,
      "Color": -0.411202
    },
    "Expressionism": {
      "Balance": -0.492055,
      "Shape": -0.011769,
      "Depth": -0.232658,
      "Tension": 0.250245,
      "Light": -0.334757,
      "Color": -0.030055
    },
    "Cubism": {
      "Balance": -0.735192,
      "Shape": 0.500472,
      "Depth": -0.54784,
      "Tension": 0.262823,
      "Light": -0.56312,
      "Color": 0.410092
    },
    "Abstract": {
      "Balance": -0.80449,
      "Shape": 0.69242,
      "Depth": -0.823745,
      "Tension": 0.498614,
      "Light": -0.595003,
      "Color": 0.757473
    },
    "Surrealism": {
      "Balance": -0.705584,
      "Shape": 0.649202,
      "Depth": -0.586778,
      "Tension": 0.612112,
      "Light": -0.363249,
      "Color": 0.532443
    },
    "Pop Art": {
      "Balance": -0.613981,
      "Shape": 0.627356,
      "Depth": -0.74248,
      "Tension": 0.417629,
      "Light": -0.619398,
      "Color": 0.730479
    }
  }
}