embedding,classifier,cv_accuracy,cv_std
CLIP,MLP,0.8137614678899083,0.017310057123039655
CLIP,SVM-RBF,0.8100917431192659,0.012512093299987027
CLIP,LogisticRegression,0.7605504587155963,0.012778337868976244
