{
  "heldout_accuracy": 0.8092783505154639,
  "best_embedding": "CLIP",
  "best_classifier": "MLP",
  "cv_accuracy": 0.8137614678899083,
  "cv_std": 0.017310057123039655,
  "classifier_comparison": [
    {
      "embedding": "CLIP",
      "classifier": "MLP",
      "cv_accuracy": 0.8137614678899083,
      "cv_std": 0.017310057123039655
    },
    {
      "embedding": "CLIP",
      "classifier": "SVM-RBF",
      "cv_accuracy": 0.8100917431192659,
      "cv_std": 0.012512093299987027
    },
    {
      "embedding": "CLIP",
      "classifier": "LogisticRegression",
      "cv_accuracy": 0.7605504587155963,
      "cv_std": 0.012778337868976244
    }
  ],
  "train_size": 1090,
  "test_size": 388,
  "per_class": {
    "Abstract": {
      "precision": 0.6545454545454545,
      "recall": 0.8181818181818182,
      "f1": 0.7272727272727273
    },
    "Baroque": {
      "precision": 0.9090909090909091,
      "recall": 0.8163265306122449,
      "f1": 0.8602150537634409
    },
    "Cubism": {
      "precision": 0.8780487804878049,
      "recall": 0.6923076923076923,
      "f1": 0.7741935483870968
    },
    "Expressionism": {
      "precision": 0.7142857142857143,
      "recall": 0.8064516129032258,
      "f1": 0.7575757575757576
    },
    "Impressionism": {
      "precision": 0.9130434782608695,
      "recall": 0.9,
      "f1": 0.9064748201438849
    },
    "Pop Art": {
      "precision": 0.7777777777777778,
      "recall": 0.7446808510638298,
      "f1": 0.7608695652173914
    },
    "Renaissance": {
      "precision": 0.8813559322033898,
      "recall": 0.9285714285714286,
      "f1": 0.9043478260869565
    },
    "Surrealism": {
      "precision": 0.675,
      "recall": 0.6923076923076923,
      "f1": 0.6835443037974683
    }
  }
}